ticker,name,sector,market_cap_cr,price,roe,roa,profit_margin,debt_to_equity,earnings_growth,revenue_growth,pe,forward_pe,pb,dividend_yield,six_month_return,pct_from_52w_high,above_200dma,quality_score,growth_score,valuation_score,momentum_score,rank_scope,total_score
KOTAKBANK.NS,KOTAK MAHINDRA BANK LTD,Financial Services,432732.8448512,435.0,,,28.47,,22.5,21.0,21.32353,18.518147,2.387473,0.15,14.928391886362302,-2.1048237587663166,True,,100.0,37.5,100.0,"sector (Financial Services, n=4)",69.4
HINDUNILVR.NS,HINDUSTAN UNILEVER LTD.,Consumer Defensive,433382.1231104,1844.5,,,22.64,3.016,8.4,5.0,42.015945,34.72462,8.891899,2.36,-12.89508275234158,-27.875386657751488,False,83.33333333333333,66.66666666666666,66.66666666666666,44.444444444444436,"sector (Consumer Defensive, n=3)",67.2
SUNPHARMA.NS,SUN PHARMACEUTICAL IND L,Healthcare,422234.9737984,1759.8,,,20.19,5.517,27.4,10.5,34.916668,27.157467,5.052469,0.9,4.211927174521213,-12.05836438467588,False,92.85714285714286,42.857142857142854,57.14285714285714,66.66666666666667,whole-list fallback (small sector group),66.2
TCS.NS,TATA CONSULTANCY SERV LT,Technology,751114.9641728,2076.0,47.74,24.48,18.05,10.211,4.6,13.9,15.080633,12.8180485,6.8511686,3.12,-17.898031031011506,-35.21169449541054,False,83.33333333333333,75.0,37.5,50.0,"sector (Technology, n=4)",63.1
MARUTI.NS,MARUTI SUZUKI INDIA LTD.,Consumer Cyclical,353011.1844352,11228.0,,,7.27,0.096,-9.1,35.9,25.003899,18.8975,3.2943428,1.22,-14.95490324363048,-34.41612727757273,False,78.57142857142857,64.28571428571428,85.71428571428571,9.523809523809524,whole-list fallback (small sector group),63.0
ITC.NS,ITC LTD,Consumer Defensive,319528.1866752,255.0,,,25.94,3.293,-16.0,-11.1,16.159697,15.152064,4.406504,6.02,-13.66280277234917,-36.566220334119315,False,83.33333333333333,33.33333333333333,100.0,22.222222222222218,"sector (Consumer Defensive, n=3)",62.8
ICICIBANK.NS,ICICI BANK LTD.,Financial Services,968394.8535808,1349.0,16.07,2.11,27.53,,13.8,11.4,17.437952,14.465494,2.5434737,0.88,1.105369724164884,-7.602739726027396,True,100.0,25.0,37.5,83.33333333333333,"sector (Financial Services, n=4)",62.3
HCLTECH.NS,HCL TECHNOLOGIES LTD,Technology,318441.6784384,1176.9,24.07,13.31,12.97,7.058,8.4,3.0,18.308962,14.692633,4.259902,5.06,-16.447599216019604,-29.94467097047968,False,58.333333333333336,75.0,50.0,66.66666666666667,"sector (Technology, n=4)",62.1
BHARTIARTL.NS,BHARTI AIRTEL LIMITED,Communication Services,1125828.263936,1804.6,20.15,8.16,13.14,100.415,35.1,18.4,37.721573,21.958183,6.954705,1.31,-0.7219764215346203,-15.507864996692511,False,71.42857142857143,64.28571428571428,42.857142857142854,57.14285714285714,whole-list fallback (small sector group),59.6
HDFCBANK.NS,HDFC BANK LTD,Financial Services,1067344.0423936,692.25,13.84,1.75,26.79,,18.1,16.6,15.131147,11.052473,1.757814,1.85,-11.534422668131084,-30.292279138580636,False,66.66666666666666,62.5,75.0,16.666666666666668,"sector (Financial Services, n=4)",57.7
INFY.NS,INFOSYS LIMITED,Technology,403819.2529408,997.0,32.0,15.3,16.37,9.541,5.3,2.9,13.583106,12.456892,4.3578343,4.93,-22.788470583008014,-39.7221888469919,False,75.0,50.0,62.5,33.333333333333336,"sector (Technology, n=4)",57.3
AXISBANK.NS,AXIS BANK LIMITED,Financial Services,387664.7337984,1245.0,13.35,1.54,36.03,,21.8,14.0,13.999775,10.313905,1.735078,0.08,-7.679298021444492,-11.193146182265012,False,33.33333333333333,62.5,100.0,33.333333333333336,"sector (Financial Services, n=4)",57.3
NESTLEIND.NS,NESTLE INDIA LIMITED,Consumer Defensive,254344.6654976,1319.0,,,15.62,8.621,48.1,25.2,67.60635,53.12255,49.321316,0.91,5.403253544755415,-14.350649350649347,False,33.33333333333333,100.0,33.33333333333333,66.66666666666667,"sector (Consumer Defensive, n=3)",56.7
RELIANCE.NS,RELIANCE INDUSTRIES LTD,Energy,1594125.2415488,1178.0,,,6.61,46.278,-22.4,29.7,21.515982,16.575628,1.7633543,0.49,-11.90005832748826,-25.676911179521333,False,50.0,50.0,100.0,19.047619047619047,whole-list fallback (small sector group),56.3
ASIANPAINT.NS,ASIAN PAINTS LIMITED,Basic Materials,221600.2322432,2311.6,,,12.81,17.847,39.9,17.9,47.554,38.121128,10.374899,1.16,-4.45209412307026,-21.453408848824562,False,71.42857142857143,64.28571428571428,28.57142857142857,33.333333333333336,whole-list fallback (small sector group),51.3
WIPRO.NS,WIPRO LTD,Technology,156692.2637312,158.38,16.13,7.26,13.92,27.398,0.9,10.6,12.579825,11.394737,2.0222166,5.01,-23.813927801830914,-39.735025742516314,False,33.333333333333336,50.0,100.0,16.666666666666668,"sector (Technology, n=4)",50.8
TITAN.NS,TITAN COMPANY LIMITED,Consumer Cyclical,386823.8020608,4359.5,,,6.23,195.001,62.8,29.3,67.19328,49.06688,24.64693,0.33,-1.9633989615094438,-15.663935709952714,False,21.428571428571427,85.71428571428572,14.285714285714285,47.61904761904762,whole-list fallback (small sector group),41.0
LT.NS,LARSEN & TOUBRO LTD.,Industrials,498765.2407296,3625.1,,,5.59,97.64,14.0,8.1,30.07134,20.15329,4.5629163,1.03,-11.148406846003345,-17.14746740952149,False,28.57142857142857,28.57142857142857,71.42857142857143,33.333333333333336,whole-list fallback (small sector group),40.2
